"","Acalypha","Achnanthidium.minutissimum","Allantodia","Alnus","Aspleniaceae","Asteraceae.1","Asteraceae..lig.","Aulacoseira.alpigena","Aulacoseira.cf.distans","Brachysira.microcephala.neoxilis","Cecropia","Clethra","Cocconeis.placentula.var.placentula","Cyathea","Cyclosorus","Cymbella.cymbiformis.cystula","Cyperaceae","Denticula.kuetzingii","Diatoma.tenuis","Discostella.stelligera","Encyonopsis.sp.1.LLAVIUCU","Encyonopsis.subminuta","Ephitemia.adnata","Fragilaria.capuccina.agg","Fragilaria.cf.capucina","Fragilaria.tenera","Gomphonema.cf.geisslerae","Gomphonema.sp.1.LLAVIUCU.cf.netriviale","Gomphonema.sp.2.LLAVIUCU.cf.variostriatum","Hannaea.arcus","Hedyosmum","Isoetes","Lamiaceae","Melast.Combret","Meliaceae.Bruniaceae","Monolete.psilate","Morac.Urtica","Myrica.Morella","Myrsine","Navicula.radiosa","Nupela.sp.1.LLAVIUCU","Ophioglossum","Orthoseria.roseana","Poaceae","Podocarpus","Polylepis","Polypodium","Selaginella","Sellaphora.pupula","Sporormiella","Staurosira.construens.var.venter","Symplocos","Tabellaria.flocculosa.str.IV","Thalictrum","Ulnaria.cf.ulna.var.amphyrhynchus","Vallea","Weinmannia","Zea.mays"
"1",0,23.4194623523951,0,0,0,0,0,0,0,5.7960858453771,0,0,0,0,0,0,0,0,7.38249827619768,6.13684091750239,4.06737922283119,0,0,0,0,0,0,0,0,0,0,0,0,0,0,0,0,0,0,0,0,0,0,0,0,0,0,0,0,0,0,0,27.941520046692,0,4.48647264107767,0,0,0
"2",0,29.0467128200779,0,0,0,0,0,0,0,8.26633693986994,0,0,0,0,0,3.55340495165749,0,0,2.20842495304954,2.31552962515521,7.23658247595186,2.100808426077,0,0,3.18028517085733,0,0,0,0,0,0,0,0,0,0,0,0,0,0,0,0,0,0,0,0,0,0,0,0,0,0,0,11.9792393880231,0,8.26948929715814,0,0,0
"3",0,32.6771245671292,0,0,0,0,0,0,0,8.0152055718433,0,0,0,0,0,6.54278983368967,0,0,0,0,6.86797420161299,2.10235323068957,0,0,5.90624160754655,0,0,0,0,3.21467041272734,0,0,0,0,0,0,0,0,0,0,0,0,0,0,0,0,0,0,3.99316244428486,0,0,0,2.04228089142555,0,2.49738672191583,0,0,0
"4",0,0,0,39.5061728395062,0,19.7530864197531,0,0,0,0,0,0,0,0,0,0,9.87654320987654,0,0,0,0,0,0,0,0,0,0,0,0,0,22.2222222222222,0,0,0,0,0,0,0,0,0,0,0,0,0,0,0,0,0,0,6.17283950617284,0,0,0,0,0,0,0,0
"5",0,25.7734617152525,0,0,0,0,0,0,0,6.49744327175365,0,0,0,0,0,7.91039110161987,0,3.57047680880251,0,0,7.94883145267594,2.04435418242824,0,0,9.18838410124607,0,0,2.11268115747622,2.06948774219165,2.36339076358446,0,0,0,0,0,0,0,0,0,0,0,0,0,0,0,0,0,0,0,0,0,0,0,0,3.53323925574973,0,0,0
"6",0,0,0,0,0,0,0,0,0,0,0,0,0,0,0,0,0,0,0,0,0,0,0,0,0,0,0,0,0,0,0,6.14334470989761,0,7.16723549488055,0,11.9453924914676,5.11945392491468,0,2.38907849829352,0,0,0,0,39.2491467576792,0,3.07167235494881,0,0,0,0,0,3.7542662116041,0,0,0,0,0,0
"7",0,31.7815334400401,0,0,0,0,0,0,0,5.75699086714999,0,0,0,0,0,5.84125788532153,0,2.47167561121049,0,0,7.69544612873866,3.72736402724163,0,0,10.266924018454,0,2.64538806766469,0,3.7101026268713,3.53811631045413,0,0,0,0,0,0,0,0,0,0,0,0,0,0,0,0,0,0,0,0,0,0,0,0,3.44867087217149,0,0,0
"8",0,33.5211267605634,0,0,0,0,0,0,0,8.30985915492958,0,0,0,0,0,2.95774647887324,0,0,0,0,7.32394366197183,0,0,13.8028169014085,0,0,0,0,2.53521126760563,0,0,0,0,0,0,0,0,0,0,0,0,0,0,0,0,0,0,0,0,0,0,0,0,0,2.3943661971831,0,0,0
"9",0,27.2604588394062,0,0,0,0,0,0,0,9.7165991902834,0,0,0,0,0,4.99325236167341,0,0,0,0,10.5263157894737,4.18353576248313,0,0,7.82726045883941,0,2.15924426450742,2.69905533063428,3.10391363022942,4.04858299595142,0,0,0,0,0,0,0,0,0,0,0,0,0,0,0,0,0,0,0,0,0,0,3.23886639676113,0,0,0,0,0
"10",0,0,0,59.6899224806201,0,7.75193798449612,0,0,0,0,0,0,0,0,0,0,13.953488372093,0,0,0,0,0,0,0,0,0,0,0,0,0,11.6279069767442,0,0,0,0,0,0,0,0,0,0,0,0,0,0,0,0,0,0,5.42635658914729,0,0,0,0,0,0,0,0
"11",0,27.5708772000728,0,0,0,0,0,2.13369167660194,0,4.89855921757229,0,0,0,0,0,4.41873623375836,0,0,0,7.30737365368683,4.1344191403803,3.05575201568089,0,0,8.87111766726617,0,0,2.56016731666903,0,3.06363287327985,0,0,0,0,0,0,0,0,0,0,0,0,0,0,0,0,0,0,0,0,0,0,7.02305656030877,0,2.06720957019015,0,0,0
"12",2.52100840336134,0,0,0,0,0,0,0,0,0,0,0,0,0,0,0,0,0,0,0,0,0,0,0,0,0,0,0,0,0,0,8.82352941176471,0,5.04201680672269,0,7.56302521008403,6.72268907563025,0,0,0,0,0,0,36.5546218487395,0,0,0,0,0,0,0,4.20168067226891,0,0,0,0,0,0
"13",0,0,0,62.1621621621622,0,6.30630630630631,0,0,0,0,0,0,0,0,0,0,6.30630630630631,0,0,0,0,0,0,0,0,0,0,0,0,0,15.3153153153153,0,0,0,0,0,0,0,0,0,0,0,0,0,0,0,0,0,0,8.10810810810811,0,0,0,0,0,0,0,0
"14",0,28.2430213464696,0,0,0,0,0,0,0,7.55336617405583,0,0,3.44827586206897,0,0,0,0,0,0,3.61247947454844,5.09031198686371,0,0,0,9.0311986863711,0,0,0,3.94088669950739,5.09031198686371,0,0,0,0,0,0,0,0,0,0,0,0,0,0,0,0,0,0,0,0,0,0,2.13464696223317,0,4.10509031198686,0,0,0
"15",0,0,0,0,0,0,0,0,0,0,0,0,0,0,2.56410256410256,0,0,0,0,0,0,0,0,0,0,0,0,0,0,0,0,2.1978021978022,0,3.2967032967033,0,10.989010989011,3.66300366300366,0,2.1978021978022,0,0,0,0,45.4212454212454,2.56410256410256,0,0,0,0,0,0,3.2967032967033,0,0,0,0,0,0
"16",0,34.3960671697981,0,0,0,0,0,0,0,5.71874252161072,0,0,0,0,0,4.10457779567728,0,0,0,0,5.79505857220403,3.59560956533412,0,0,12.7938094987947,0,0,0,0,4.20642980966223,0,0,0,0,0,0,0,0,0,0,0,0,0,0,0,0,0,0,0,0,0,0,0,0,2.77743729826589,0,0,0
"17",0,0,0,56.1224489795918,0,9.18367346938776,2.04081632653061,0,0,0,3.06122448979592,0,0,0,0,0,9.18367346938776,0,0,0,0,0,0,0,0,0,0,0,0,0,10.2040816326531,0,0,0,0,0,0,0,0,0,0,0,0,0,0,0,0,0,0,10.2040816326531,0,0,0,0,0,0,0,0
"18",0,27.2980501392758,0,0,0,0,0,0,0,5.57103064066852,0,0,0,0,0,3.34261838440111,0,0,0,2.92479108635097,5.57103064066852,0,0,5.15320334261838,8.07799442896936,0,0,0,0,3.2033426183844,0,0,0,0,0,0,0,0,0,0,0,0,0,0,0,0,0,0,0,0,0,0,9.19220055710306,0,4.17827298050139,0,0,0
"19",0,0,0,0,0,0,0,0,0,0,0,0,0,0,0,0,0,0,0,0,0,0,0,0,0,0,0,0,0,0,0,4.64285714285714,0,2.5,0,11.4285714285714,6.07142857142857,0,0,0,0,0,0,51.7857142857143,0,2.14285714285714,0,0,0,0,0,2.5,0,0,0,0,0,0
"20",0,0,0,48.75,0,15,0,0,0,0,0,0,0,0,0,0,6.25,0,0,0,0,0,0,0,0,0,0,0,0,0,13.75,0,0,0,0,0,0,0,0,0,0,0,0,0,0,0,0,0,0,15,0,0,0,0,0,0,0,0
"21",0,0,0,0,0,0,0,0,0,0,0,0,0,2.5974025974026,0,0,0,0,0,0,0,0,0,0,0,0,0,0,0,0,0,2.5974025974026,0,2.5974025974026,0,10.0649350649351,9.74025974025974,0,0,0,0,0,0,45.1298701298701,0,0,0,0,0,0,0,0,0,0,0,0,0,0
"22",0,0,0,31.0810810810811,0,14.8648648648649,0,0,0,0,0,0,0,0,0,0,20.2702702702703,0,0,0,0,0,0,0,0,0,0,0,0,0,12.1621621621622,0,0,0,0,0,0,0,0,0,0,0,0,0,0,0,0,0,0,20.2702702702703,0,0,0,0,0,0,0,0
"23",0,32.9153605015674,0,0,0,0,0,4.23197492163009,0,3.60501567398119,0,0,2.97805642633229,0,0,4.38871473354232,0,0,0,0,4.38871473354232,3.44827586206897,0,0,7.68025078369906,0,0,0,0,2.19435736677116,0,0,0,0,0,0,0,0,0,0,0,0,0,0,0,0,0,0,0,0,0,0,3.76175548589342,0,2.50783699059561,0,0,0
"24",0,0,3.45821325648415,0,0,0,0,0,0,0,0,0,0,2.30547550432277,2.30547550432277,0,0,0,0,0,0,0,0,0,0,0,0,0,0,0,0,0,0,2.01729106628242,0,12.1037463976945,13.8328530259366,0,0,0,0,0,0,37.1757925072046,0,0,0,0,0,0,0,2.01729106628242,0,0,0,0,0,0
"25",0,0,0,51.5789473684211,0,12.6315789473684,0,0,0,0,0,0,0,0,0,0,8.42105263157895,0,0,0,0,0,0,0,0,0,0,0,0,0,7.36842105263158,0,0,0,0,0,0,0,0,0,0,0,0,0,0,0,0,0,0,16.8421052631579,0,0,0,0,0,0,0,0
"26",0,27.2900763358779,0,0,0,0,0,0,0,10.6870229007634,0,0,0,0,0,2.86259541984733,0,0,0,0,6.48854961832061,2.09923664122137,0,14.1221374045802,0,0,0,2.67175572519084,0,4.00763358778626,0,0,0,0,0,0,0,0,0,0,0,0,0,0,0,0,0,0,0,0,0,0,0,0,3.05343511450382,0,0,0
"27",0,0,0,0,0,0,0,0,0,0,0,4.13533834586466,0,0,0,0,0,0,0,0,0,0,0,0,0,0,0,0,0,0,0,4.51127819548872,0,3.7593984962406,0,6.39097744360902,5.26315789473684,2.63157894736842,0,0,0,0,0,46.9924812030075,0,3.38345864661654,0,0,0,0,0,3.38345864661654,0,0,0,0,0,0
"28",0,0,0,50.9090909090909,0,14.5454545454545,0,0,0,0,0,0,0,0,0,0,16.3636363636364,0,0,0,0,0,0,0,0,0,0,0,0,0,2.72727272727273,0,0,0,0,0,0,0,0,0,0,0,0,0,0,0,0,0,0,14.5454545454545,0,0,0,0,0,0,0,0
"29",2.13523131672598,0,0,0,0,0,0,0,0,0,0,0,0,2.84697508896797,0,0,0,0,0,0,0,0,0,0,0,0,0,0,0,0,0,5.69395017793594,0,2.84697508896797,0,9.9644128113879,8.18505338078292,0,0,0,0,0,0,46.2633451957295,0,2.13523131672598,0,0,0,0,0,2.13523131672598,0,0,0,0,0,0
"30",0,0,0,54.4444444444444,0,14.4444444444444,0,0,0,0,0,0,0,0,0,0,10,0,0,0,0,0,0,0,0,0,0,0,0,0,4.44444444444444,0,0,0,0,0,0,0,0,0,0,0,0,0,0,0,0,0,0,16.6666666666667,0,0,0,0,0,0,0,0
"31",0,19.7614991482112,0,0,0,0,0,0,0,6.98466780238501,0,0,0,0,0,4.42930153321976,0,0,0,0,2.72572402044293,2.55536626916525,0,2.21465076660988,7.49574105621806,0,5.11073253833049,5.11073253833049,2.55536626916525,2.89608177172061,0,0,0,0,0,0,0,0,0,0,0,0,0,0,0,0,0,0,0,0,0,0,5.45144804088586,0,4.42930153321976,0,0,0
"32",2.17391304347826,0,0,0,0,0,0,0,0,0,0,0,0,0,0,0,0,0,0,0,0,0,0,0,0,0,0,0,0,0,0,3.6231884057971,0,2.89855072463768,0,6.52173913043478,5.79710144927536,0,2.53623188405797,0,0,0,0,46.7391304347826,0,0,0,0,0,0,0,3.98550724637681,0,0,0,0,0,0
"33",0,0,0,44.9438202247191,0,8.98876404494382,0,0,0,0,0,0,0,0,0,0,23.5955056179775,0,0,0,0,0,0,0,0,0,0,0,0,0,5.61797752808989,0,0,0,0,0,0,0,0,0,0,0,0,0,0,0,0,0,0,15.7303370786517,0,0,0,0,0,0,0,0
"34",3.10344827586207,0,0,0,0,0,0,0,0,0,0,0,0,0,0,0,0,0,0,0,0,0,0,0,0,0,0,0,0,0,0,6.55172413793103,0,5.17241379310345,0,6.55172413793103,6.55172413793103,0,0,0,0,0,0,44.1379310344828,0,2.41379310344828,0,2.41379310344828,0,0,0,0,0,2.06896551724138,0,2.06896551724138,0,0
"35",0,0,0,67.741935483871,0,8.60215053763441,0,0,0,0,0,0,0,0,0,0,6.45161290322581,0,0,0,0,0,0,0,0,0,0,0,0,0,2.1505376344086,0,0,0,0,0,0,0,0,0,0,0,0,0,0,0,0,0,0,15.0537634408602,0,0,0,0,0,0,0,0
"36",0,25.8842443729904,0,0,0,0,0,0,0,9.32475884244373,0,0,0,0,0,2.73311897106109,0,0,0,0,9.32475884244373,3.53697749196141,0,0,7.87781350482315,0,0,3.21543408360129,0,0,0,0,0,0,0,0,0,0,0,0,0,0,0,0,0,0,0,0,0,0,0,0,3.37620578778135,0,3.21543408360129,0,0,0
"37",2.22222222222222,0,0,0,0,0,0,0,0,0,0,0,0,2.22222222222222,0,0,0,0,0,0,0,0,0,0,0,0,0,0,0,0,0,4.81481481481481,0,2.59259259259259,0,5.18518518518519,4.44444444444444,2.22222222222222,0,0,0,0,0,48.5185185185185,0,2.59259259259259,0,0,0,0,0,2.96296296296296,0,2.22222222222222,0,0,0,0
"38",0,0,0,39.7260273972603,0,17.8082191780822,0,0,0,0,0,0,0,0,0,0,19.1780821917808,0,0,0,0,0,0,0,0,0,0,0,0,0,6.84931506849315,0,0,0,0,0,0,0,0,0,0,0,0,0,0,0,0,0,0,16.4383561643836,0,0,0,0,0,0,0,0
"39",0,17.6470588235294,0,0,0,0,0,0,0,8.36601307189542,0,0,3.26797385620915,0,0,8.36601307189542,0,0,0,0,8.62745098039216,4.57516339869281,0,0,10.0653594771242,0,2.35294117647059,0,0,0,0,0,0,0,0,0,0,0,0,0,0,0,0,0,0,0,0,0,0,0,8.10457516339869,0,0,0,2.48366013071895,0,0,0
"40",5.78778135048232,0,0,0,0,0,0,0,0,0,0,0,0,0,0,0,0,0,0,0,0,0,0,0,0,0,0,0,0,0,0,5.78778135048232,0,5.14469453376206,0,8.68167202572347,3.53697749196141,0,0,0,0,0,0,45.9807073954984,0,2.89389067524116,0,0,0,0,0,0,0,2.2508038585209,0,0,0,0
"41",0,0,0,44.1176470588235,0,17.6470588235294,0,0,0,0,0,0,0,0,0,0,7.84313725490196,0,0,0,0,0,0,0,0,0,0,0,0,0,13.7254901960784,0,0,0,0,0,0,0,0,0,0,0,0,0,0,0,0,0,0,16.6666666666667,0,0,0,0,0,0,0,0
"42",0,19.8125836680054,0,0,0,0,0,0,0,8.83534136546185,0,0,0,0,0,9.10307898259705,0,7.36278447121821,0,0,8.03212851405623,3.21285140562249,0,0,6.02409638554217,2.14190093708166,0,4.68540829986613,0,0,0,0,0,0,0,0,0,0,0,0,0,0,0,0,0,0,0,0,0,0,0,0,0,0,2.67737617135207,0,0,0
"43",3.74149659863946,0,0,0,0,0,0,0,0,0,0,0,0,2.04081632653061,0,0,0,0,0,0,0,0,0,0,0,0,0,0,0,0,0,4.42176870748299,0,3.40136054421769,0,13.265306122449,4.08163265306122,0,0,0,0,0,0,43.8775510204082,0,2.38095238095238,0,0,0,0,0,3.06122448979592,0,0,0,0,0,0
"44",0,0,0,49.6489361702127,0,9.3191489361702,0,0,0,0,0,0,0,0,0,0,11.3829787234042,0,0,0,0,0,0,0,0,0,0,0,0,0,12.5106382978723,0,0,0,0,0,0,0,0,0,0,0,0,0,0,0,0,0,0,16.0744680851064,0,0,0,0,0,0,0,0
"45",2.72998805256869,0,0,0,0,0,0,0,0,0,0,0,0,0,0,0,0,0,0,0,0,0,0,0,0,0,0,0,0,0,0,3.47072879330944,0,4.94026284348865,0,6.00358422939068,6.02150537634409,0,0,0,0,0,0,46.5232974910395,0,0,2.19832735961768,0,0,0,0,0,0,0,0,0,0,0
"46",0,0,0,55.6962025316456,0,11.3924050632911,0,0,0,0,3.79746835443038,0,0,0,0,0,12.6582278481013,0,0,0,0,0,0,0,0,0,0,0,0,0,6.32911392405063,0,0,0,0,0,0,0,0,0,0,0,0,0,0,0,0,0,0,10.126582278481,0,0,0,0,0,0,0,0
"47",0,6.34146341463415,0,0,0,0,0,0,0,11.7073170731707,0,0,3.41463414634146,0,0,13.3333333333333,0,10.7317073170732,0,0,2.76422764227642,0,0,0,0,0,0,3.90243902439024,0,0,0,0,0,0,0,0,0,0,0,0,0,0,0,0,0,0,0,0,0,0,7.31707317073171,0,0,0,3.73983739837398,0,0,0
"48",2.7027027027027,0,2.02702702702703,0,0,0,0,0,0,0,0,2.36486486486486,0,0,2.7027027027027,0,0,0,0,0,0,0,0,0,0,0,0,0,0,0,0,3.37837837837838,2.36486486486486,3.71621621621622,0,9.45945945945946,6.08108108108108,0,0,0,0,0,0,37.1621621621622,0,2.36486486486486,0,0,0,0,0,4.39189189189189,0,0,0,0,0,0
"49",0,0,0,56.8965517241379,0,12.9310344827586,0,0,0,0,3.44827586206897,0,0,0,0,0,6.03448275862069,0,0,0,0,0,0,0,0,0,0,0,0,0,11.2068965517241,0,0,0,0,0,0,0,0,0,0,0,0,0,0,0,0,0,0,9.48275862068965,0,0,0,0,0,0,0,0
"50",0,18.6170212765957,0,0,0,0,0,0,0,6.64893617021277,0,0,0,0,0,4.12234042553191,0,5.98404255319149,0,0,6.64893617021277,4.25531914893617,0,0,2.65957446808511,0,0,0,0,0,0,0,0,0,0,0,0,0,0,0,9.97340425531915,0,0,0,0,0,0,0,0,0,0,0,0,0,3.05851063829787,0,0,0
"51",2.91666666666667,0,0,0,0,0,0,0,0,0,0,0,0,0,0,0,0,0,0,0,0,0,0,0,0,0,0,0,0,0,0,5.41666666666667,0,4.16666666666667,0,5.83333333333333,5.83333333333333,2.08333333333333,0,0,0,0,0,43.75,2.5,0,0,0,0,0,0,2.91666666666667,0,0,0,0,0,0
"52",0,0,0,45.1127819548872,0,12.8634085213032,0,0,0,0,0,0,0,0,0,0,10.9398496240602,0,0,0,0,0,0,0,0,0,0,0,0,0,22.7067669172933,0,0,0,0,0,0,0,0,0,0,0,0,0,0,0,0,0,0,6.66040100250626,0,0,0,0,0,0,0,0
"53",2.81348226313427,0,0,0,0,0,0,0,0,0,0,2.07117198024248,0,0,0,0,0,0,0,0,0,0,0,0,0,0,0,0,0,0,0,0,0,6.89969690166143,0,6.90671306690616,4.30511899416255,0,0,0,0,0,0,42.0184104176022,2.06415581499776,2.6296587337225,0,0,0,0,0,0,0,0,0,0,2.05713964975304,0
"54",0,0,0,41.9753086419753,0,14.8148148148148,0,0,0,0,2.46913580246914,0,0,0,0,0,9.87654320987654,0,0,0,0,0,0,0,0,0,0,0,0,0,24.6913580246914,0,0,0,0,0,0,0,0,0,0,0,0,0,0,0,0,0,0,4.93827160493827,0,0,0,0,0,0,0,0
"55",0,22.0360824742268,0,0,0,0,0,0,0,6.57216494845361,0,0,0,0,0,7.08762886597938,0,0,2.44845360824742,3.73711340206186,6.18556701030928,3.22164948453608,0,0,5.92783505154639,0,0,0,0,0,0,0,0,0,0,0,0,0,0,0,8.37628865979381,0,0,0,0,0,0,0,0,0,0,0,7.86082474226804,0,2.57731958762887,0,0,0
"56",0,0,0,0,0,0,0,0,0,0,0,0,0,3.07167235494881,0,0,0,0,0,0,0,0,0,0,0,0,0,0,0,0,0,0,0,4.43686006825939,2.04778156996587,8.19112627986348,5.46075085324232,2.73037542662116,0,0,0,0,0,32.4232081911263,3.07167235494881,2.38907849829352,2.04778156996587,0,0,0,0,0,0,2.04778156996587,0,0,0,0
"57",0,0,0,40.8562367864694,0,18.0655391120508,0,0,0,0,0,0,0,0,0,0,7.65327695560253,0,0,0,0,0,0,0,0,0,0,0,0,0,25.5919661733615,0,0,0,0,0,0,0,0,0,0,0,0,0,0,0,0,0,0,6.92389006342495,0,0,0,0,0,0,0,0
"58",2.25817461942794,0,0,0,0,0,0,0,0,0,0,2.39538535053587,0,0,0,0,0,0,0,0,0,0,0,0,0,0,0,0,0,0,0,2.39538535053587,0,5.68707761621953,0,8.62789268892075,5.84340228001911,0,0,0,0,0,0,36.0488770564543,2.78449040890163,0,0,0,0,0,0,0,0,2.02539422486177,0,0,0,0
"59",0,0,0,59.1666666666667,0,6.66666666666667,0,0,0,0,0,0,0,0,0,0,8.33333333333333,0,0,0,0,0,0,0,0,0,0,0,0,0,20.8333333333333,0,0,0,0,0,0,0,0,0,0,0,0,0,0,0,0,0,0,3.33333333333333,0,0,0,0,0,0,0,0
"60",0,27.4603174603175,0,0,0,0,0,0,0,5.07936507936508,0,0,2.53968253968254,0,0,5.3968253968254,0,2.6984126984127,0,0,9.84126984126984,0,0,0,5.87301587301587,0,0,0,0,0,0,0,0,0,0,0,0,0,0,0,14.9206349206349,0,0,0,0,0,0,0,0,0,0,0,0,0,2.53968253968254,0,0,0
"61",2.19298245614035,0,0,0,0,0,0,0,0,0,0,3.07017543859649,0,0,0,0,0,0,0,0,0,0,0,0,0,0,0,0,0,0,0,2.19298245614035,0,7.89473684210526,0,8.33333333333333,7.45614035087719,2.63157894736842,2.63157894736842,0,0,2.19298245614035,0,37.280701754386,2.63157894736842,0,0,0,0,0,0,3.94736842105263,0,0,0,2.63157894736842,0,0
"62",0,0,0,50.7272727272727,0,10.9545454545454,0,0,0,0,0,0,0,0,0,0,9.95454545454545,0,0,0,0,0,0,0,0,0,0,0,0,0,26.0909090909091,0,0,0,0,0,0,0,0,0,0,0,0,0,0,0,0,0,0,0,0,0,0,0,0,0,0,0
"63",0,12.202743166232,0,0,0,0,0,0,0,6.66850188351203,0,0,0,0,0,7.29450400849995,0,4.7353424128272,0,0,6.99739206027238,2.1538684439293,0,0,2.42973051289481,0,0,4.6568144499179,0,0,0,0,0,0,0,0,0,0,0,2.15918091374481,14.1083743842365,0,0,0,0,0,0,0,0,0,0,0,0,0,3.40481019994205,0,0,0
"64",2.1905138339921,0,0,0,0,0,0,0,0,0,0,0,0,0,0,0,0,0,0,0,0,0,0,0,0,0,0,0,0,0,0,2.58339920948616,0,7.95494071146245,0,10.9335968379447,5.16205533596838,0,0,0,0,0,0,37.3913043478261,3.17154150197628,2.4,0,0,0,0,0,0,0,0,0,0,0,0
"65",0,0,0,40.5287569573284,0,12.1428571428571,0,0,0,0,0,0,0,0,0,0,6.86456400742115,0,0,0,0,0,0,0,0,0,0,0,0,0,33.6549165120593,0,0,0,0,0,0,0,0,0,0,0,0,0,0,0,0,0,0,5.3339517625232,0,0,0,0,0,0,0,0
"66",0,20.0310559006211,0,0,0,0,0,0,0,0,0,0,2.95031055900621,0,0,5.74534161490683,0,4.34782608695652,0,0,3.88198757763975,0,0,0,4.19254658385093,0,0,0,2.17391304347826,0,0,0,0,0,0,0,0,0,0,4.19254658385093,19.8757763975155,0,0,0,0,0,0,0,0,0,0,0,2.17391304347826,0,4.81366459627329,0,0,0
"67",3.08277787785985,0,0,0,0,0,0,0,0,0,0,0,0,0,0,0,0,0,0,0,0,0,0,0,0,0,0,0,0,0,0,4.04206449288417,0,5.55080165735903,0,9.06518345042935,6.05671650753618,0,0,0,0,0,0,40.1016333393382,3.49261394343362,4.53897195700474,0,0,0,0,0,0,0,0,0,0,0,0
"68",0,0,0,37.5,0,8.03571428571429,0,0,0,0,0,0,0,0,0,0,6.25,0,0,0,0,0,0,0,0,0,0,0,0,0,41.9642857142857,0,0,0,0,0,0,0,0,0,0,0,0,0,0,0,0,0,0,4.46428571428571,0,0,0,0,0,0,0,0
"69",0,10.6606606606607,0,0,0,0,0,3.9039039039039,0,4.35435435435435,0,0,0,0,0,5.85585585585586,0,7.35735735735736,0,0,3.3033033033033,0,0,0,0,0,0,2.1021021021021,2.55255255255255,0,0,0,0,0,0,0,0,0,0,0,18.7687687687688,0,0,0,0,0,0,0,0,0,0,0,0,0,4.5045045045045,0,0,0
"70",2.16606498194946,0,0,0,0,0,0,0,0,0,0,0,0,2.16606498194946,0,0,0,0,0,0,0,0,0,0,0,0,0,0,0,0,0,3.6101083032491,0,7.5812274368231,0,15.1624548736462,5.41516245487365,2.16606498194946,0,0,0,0,0,32.4909747292419,2.88808664259928,2.16606498194946,0,0,0,0,0,0,0,0,0,0,0,0
"71",0,0,0,46.8900675024108,0,10.221793635487,0,0,0,0,0,0,0,0,0,0,6.54934104789457,0,0,0,0,0,0,0,0,0,0,0,0,0,31.8386370941819,0,0,0,0,0,0,0,0,0,0,0,0,0,0,0,0,0,0,3.1099324975892,0,0,0,0,0,0,0,0
"72",0,10.9187749667111,0,0,0,0,0,3.99467376830892,0,3.46205059920106,0,0,2.39680426098535,0,0,5.59254327563249,0,0,0,0,4.92676431424767,2.52996005326232,0,0,2.92942743009321,0,0,0,0,0,0,0,0,0,0,0,0,0,0,0,25.5659121171771,0,0,0,0,0,0,0,0,0,0,0,0,0,3.46205059920106,0,0,0
"73",0,0,0,0,0,0,0,0,0,0,0,2.11509112128557,0,0,0,0,0,0,0,0,0,0,0,0,0,0,0,0,0,0,0,3.80465032767753,0,3.39168686596642,0,7.62186910853758,5.91615046233953,0,3.38989137265464,0,0,0,0,41.967860669719,6.35604632372744,2.75697998024958,0,0,0,0,0,2.12227309453273,0,0,0,0,0,0
"74",0,0,0,36.1344537815126,0,13.4453781512605,0,0,0,0,0,0,0,0,0,0,8.40336134453782,0,0,0,0,0,0,0,0,0,0,0,0,0,35.2941176470588,0,0,0,0,0,0,0,0,0,0,0,0,0,0,0,0,0,0,5.04201680672269,0,0,0,0,0,0,0,0
"75",0,16.6129032258065,0,0,0,0,0,2.41935483870968,0,5.32258064516129,0,0,2.74193548387097,0,0,2.41935483870968,0,0,0,0,4.35483870967742,0,0,0,3.70967741935484,0,0,0,0,0,0,0,0,0,0,0,0,0,0,0,32.4193548387097,0,0,0,0,0,0,0,0,0,0,0,0,0,0,0,0,0
"76",3.89105058365759,0,0,0,0,0,0,0,0,0,0,0,0,2.33463035019455,0,0,0,0,0,0,0,0,0,0,0,0,0,0,0,0,0,3.11284046692607,0,4.66926070038911,2.33463035019455,12.4513618677043,3.89105058365759,0,0,0,0,0,0,36.1867704280156,2.33463035019455,0,2.33463035019455,0,0,0,0,2.33463035019455,0,0,0,0,0,0
"77",0,0,0,42.1182266009853,0,6.17302955665025,0,0,0,0,0,0,0,0,0,0,9.63669950738917,0,0,0,0,0,0,0,0,0,0,0,0,0,39.0086206896551,0,0,0,0,0,0,0,0,0,0,0,0,0,0,0,0,0,0,3.0634236453202,0,0,0,0,0,0,0,0
"78",0,18.380062305296,0,0,0,0,0,0,0,4.98442367601246,0,0,0,0,0,4.04984423676012,0,3.11526479750779,0,0,5.29595015576324,3.27102803738318,0,0,3.42679127725857,0,0,3.42679127725857,2.64797507788162,2.18068535825545,0,0,0,0,0,0,0,0,0,0,16.3551401869159,0,0,0,0,0,0,0,0,0,0,0,0,0,0,0,0,0
"79",3.03934426229508,0,0,0,0,0,0,0,0,0,0,0,0,0,0,0,0,0,0,0,0,0,0,0,0,0,0,0,0,0,0,3.83934426229508,0,3.04426229508196,0,10.1229508196722,5.85901639344262,0,0,0,0,0,0,45.5508196721312,5.88360655737705,2.63934426229508,0,0,0,0,0,0,0,0,0,0,0,0
"80",0,0,0,33.0508474576271,0,7.6271186440678,0,0,0,0,0,0,0,0,0,0,15.2542372881356,0,0,0,0,0,0,0,0,0,0,0,0,0,41.5254237288136,0,0,0,0,0,0,0,0,0,0,0,0,0,0,0,0,0,0,0,0,0,0,0,0,0,0,0
"81",0,22.1889055472264,0,0,0,0,0,0,0,3.59820089955022,0,0,0,0,0,6.89655172413793,0,2.24887556221889,0,0,5.24737631184408,2.09895052473763,0,0,4.047976011994,0,0,5.39730134932534,0,2.99850074962519,0,0,0,0,0,0,0,0,0,0,16.9415292353823,0,0,0,0,0,0,0,0,0,0,0,0,0,2.99850074962519,0,0,0
"82",2.72108843537415,0,0,0,2.04081632653061,0,0,0,0,0,0,0,0,4.08163265306122,0,0,0,0,0,0,0,0,0,0,0,0,0,0,0,0,0,6.80272108843537,0,5.10204081632653,0,12.9251700680272,4.42176870748299,0,0,0,0,3.40136054421769,0,27.891156462585,3.74149659863946,2.04081632653061,0,0,0,0,0,0,0,0,0,0,0,0
"83",0,0,0,46.0288522511097,0,9.42454026632847,0,0,0,0,0,0,0,0,0,0,5.04121750158529,0,0,0,0,0,0,0,0,0,0,0,0,0,33.7507926442613,0,0,0,0,0,0,0,0,0,0,0,0,0,0,0,0,0,0,5.75459733671528,0,0,0,0,0,0,0,0
"84",0,10.801393728223,0,0,0,0,0,0,0,3.65853658536585,0,0,0,0,0,3.83275261324042,0,3.48432055749129,0,0,2.61324041811847,0,0,0,0,0,0,0,0,0,0,0,0,0,0,0,0,0,0,0,36.2369337979094,0,0,0,0,0,0,0,0,0,0,0,0,0,0,0,0,0
"85",0,0,0,0,3.98019801980198,0,0,0,0,0,0,0,0,2.46496572734196,2.43830921553694,0,0,0,0,0,0,0,0,0,0,0,0,0,0,0,0,0,0,2.37814166031988,0,18.7707539984768,6.17783701447067,0,0,0,0,0,0,43.7616146230008,0,0,0,0,0,0,0,0,0,0,0,0,0,0
"86",0,0,0,33.8842975206612,0,14.8760330578512,0,0,0,0,0,0,0,0,0,0,11.5702479338843,0,0,0,0,0,0,0,0,0,0,0,0,0,34.7107438016529,0,0,0,0,0,0,0,0,0,0,0,0,0,0,0,0,0,0,3.30578512396694,0,0,0,0,0,0,0,0
"87",0,12.9535288855407,0,0,0,0,0,0,0,4.77517773906493,0,0,0,0,0,3.89495738970761,0,6.23122557559207,0,0,5.74108950515561,0,2.08696266302557,0,2.20655398088422,0,0,3.57949997645841,0,0,0,0,0,0,0,0,0,0,0,0,27.5893403644239,0,0,0,0,0,0,0,0,0,0,0,0,0,2.13192711521258,0,0,0
"88",3.86100386100386,0,0,0,2.31660231660232,0,0,0,0,0,0,0,0,0,0,0,0,0,0,0,0,0,0,0,0,0,0,0,0,0,0,3.86100386100386,0,3.47490347490348,0,13.8996138996139,6.56370656370656,3.08880308880309,0,0,0,0,0,36.2934362934363,2.31660231660232,0,2.31660231660232,0,0,0,0,0,0,0,0,0,2.31660231660232,0
"89",0,0,0,37.2091157117638,0,11.7637618359814,0,0,0,0,0,0,0,0,0,0,13.3766650617879,0,0,0,0,0,0,0,0,0,0,0,0,0,28.7072701011073,0,0,0,0,0,0,0,0,0,0,0,0,0,0,0,0,0,0,6.95714973519499,0,0,0,0,0,0,0,0
"90",0,16.8557536466775,0,0,0,0,0,0,0,5.67260940032415,0,0,0,0,0,5.51053484602917,0,2.75526742301459,0,0,5.51053484602917,2.10696920583468,0,0,3.07941653160454,0,0,0,2.43111831442464,0,0,0,0,0,0,0,0,0,0,0,23.6628849270665,0,0,0,0,0,0,0,0,0,0,0,0,0,2.26904376012966,0,0,0
"91",0,0,0,0,0,0,0,0,0,0,0,0,0,0,0,0,0,0,0,0,0,0,0,0,0,0,0,0,0,0,0,4.28006658343737,0,3.35622138992925,0,10.9925093632959,5.95505617977529,0,0,0,0,0,0,36.4689970869746,2.60507698709946,3.16479400749063,0,0,0,0,0,0,0,0,0,0,0,0
"92",0,0,0,31.9496855345912,0,8.41194968553459,0,0,0,0,0,0,0,0,0,0,8.30188679245283,0,0,0,0,0,0,0,0,0,0,0,0,0,46.0062893081761,0,0,0,0,0,0,0,0,0,0,0,0,0,0,0,0,0,0,4.0251572327044,0,0,0,0,0,0,0,0
"93",0,12.2938530734633,0,0,0,0,0,0,0,5.09745127436282,0,0,0,0,0,5.84707646176912,0,2.09895052473763,0,0,5.69715142428786,0,2.39880059970015,0,0,0,0,0,3.14842578710645,0,0,0,0,0,0,0,0,0,0,0,26.0869565217391,0,0,0,0,0,0,0,0,0,0,0,0,0,0,0,0,0
"94",2.76873866264176,0,0,0,2.23493083346027,0,0,0,0,0,0,0,0,2.41286677652077,0,0,0,0,0,0,0,0,0,0,0,0,0,0,0,0,0,4.06414002243239,0,3.95267042386141,0,12.2090366534195,4.68103078222579,0,0,0,0,0,0,35.8821330157719,3.12461054876275,3.82458423916807,0,0,0,0,0,0,0,0,0,0,0,0
"95",0,0,0,33.6363636363636,0,6.36363636363636,0,0,0,0,0,0,0,0,0,0,13.6363636363636,0,0,0,0,0,0,0,0,0,0,0,0,0,42.7272727272727,0,0,0,0,0,0,0,0,0,0,0,0,0,0,0,0,0,0,2.72727272727273,0,0,0,0,0,0,0,0
"96",0,24.4951301859005,0,0,0,0,0,0,0,6.19841887348209,0,0,0,0,0,7.12114791452468,0,3.48875982993859,0,0,6.4999166365632,2.48978797899241,0,0,4.94761997387945,0,0,3.80206741323255,3.21331314085642,2.5075027093117,0,0,0,0,0,0,0,0,0,0,4.84480506849696,0,0,0,0,0,0,0,0,0,0,0,0,0,2.43421235446133,0,0,0
"97",3.49344978165939,0,0,0,0,0,0,0,0,0,0,0,0,0,0,0,0,0,0,0,0,0,0,0,0,0,0,0,0,0,0,5.24017467248908,0,4.80349344978166,0,5.24017467248908,15.2838427947598,0,0,0,0,0,0,38.8646288209607,4.36681222707424,0,0,0,0,0,0,0,0,0,0,0,2.62008733624454,0
"98",0,0,0,26.7344694887301,0,13.133589884552,0,0,0,0,2.11105002748763,0,0,0,0,0,7.97691039032435,0,0,0,0,0,0,0,0,0,0,0,0,0,47.9329301814183,0,0,0,0,0,0,0,0,0,0,0,0,0,0,0,0,0,0,2.11105002748763,0,0,0,0,0,0,0,0
"99",0,25.5639097744361,0,0,0,0,0,0,0,8.87218045112782,0,0,0,0,0,5.71428571428571,0,2.10526315789474,0,0,5.56390977443609,2.40601503759399,0,0,8.87218045112782,0,2.70676691729323,0,2.55639097744361,2.55639097744361,0,0,0,0,0,0,0,0,0,0,2.25563909774436,0,0,0,0,0,0,0,0,0,0,0,0,0,0,0,0,0
"100",0,0,0,0,2.31006711409396,0,0,0,0,0,0,0,0,0,0,0,0,0,0,0,0,0,0,0,0,0,0,0,0,0,0,0,0,4.68456375838926,0,10.1046979865772,4.67785234899329,2.94228187919463,0,0,0,0,0,38.5986577181208,3.81342281879195,0,0,0,0,0,0,0,0,0,0,0,4.81342281879195,0
"101",0,0,0,17.3333333333333,0,21.3333333333333,0,0,0,0,0,0,0,0,0,0,13.3333333333333,0,0,0,0,0,0,0,0,0,0,0,0,0,40,0,0,0,0,0,0,0,0,0,0,0,0,0,0,0,0,0,0,5.33333333333333,0,0,0,0,0,0,0,2.66666666666667
"102",0,17.066906549854,0,0,0,0,0,2.79255319148936,0,10.6954005006258,0,0,0,0,0,6.46172298706716,0,2.64731956612432,0,0,9.5147580308719,2.51173341677096,0,0,4.67224655819775,0,0,3.47569879015436,0,2.34094701710471,0,0,0,0,0,0,0,0,0,0,3.73331247392574,0,0,0,0,0,0,0,0,0,0,0,0,0,2.63428243637881,0,0,0
"103",0,0,0,0,2.62295081967213,0,0,0,0,0,0,3.27868852459016,0,0,0,0,0,0,0,0,0,0,0,0,0,0,0,0,0,0,0,3.27868852459016,0,4.59016393442623,0,11.8032786885246,3.9344262295082,0,0,0,0,0,0,40,7.86885245901639,0,0,0,0,0,0,0,0,0,0,0,2.62295081967213,0
"104",0,0,0,19.3545866541647,0,14.3850601656509,0,0,0,0,0,0,0,0,0,0,12.4706985466479,0,0,0,0,0,0,0,0,0,0,0,0,0,47.5386779184248,0,0,0,0,0,0,0,0,0,0,0,0,0,0,0,0,0,0,5.63369276449445,0,0,0,0,0,0,0,0
"105",0,26.7326732673267,0,0,0,0,0,0,0,13.2013201320132,0,0,0,0,0,5.44554455445545,0,0,0,0,6.43564356435644,3.13531353135314,0,0,3.13531353135314,0,0,0,0,2.64026402640264,0,0,0,0,0,0,0,0,0,0,3.13531353135314,0,0,0,0,0,0,0,0,0,0,0,0,0,0,0,0,0
"106",0,0,0,0,2.42730720606826,0,0,0,0,0,0,2.44978227279112,0,0,0,0,0,0,0,0,0,0,0,0,0,0,0,0,0,0,0,3.81092850119398,0,4.60457929484478,0,11.3190054782975,5.06953223767383,0,2.1323219553308,0,0,0,0,36.6104789998596,0,0,2.26857704733811,0,0,0,0,0,0,0,0,0,3.96965865992415,0
"107",0,0,0,9.63855421686747,0,19.2771084337349,0,0,0,0,0,0,0,0,0,0,8.43373493975904,0,0,0,0,0,0,0,0,0,0,0,0,0,55.421686746988,0,0,0,0,0,0,0,0,0,0,0,0,0,0,0,0,0,0,3.6144578313253,0,0,0,0,0,0,0,0
"108",0,30.4657334715844,0,0,0,0,0,0,0,8.96731348442206,0,0,0,0,0,2.83266676541747,0,0,0,0,5.11220559917049,2.17683799930874,0,0,6.880462153755,0,0,2.28793265195279,0,2.75095047647262,0,0,0,0,0,0,0,0,0,0,0,0,0,0,0,0,0,0,0,0,0,0,0,0,0,0,0,0
"109",4.28571428571429,0,0,0,2.14285714285714,0,0,0,0,0,0,0,0,2.14285714285714,0,0,0,0,0,0,0,0,0,0,0,0,0,0,0,0,0,2.85714285714286,0,6.07142857142857,0,7.85714285714286,4.28571428571429,0,0,0,0,2.85714285714286,0,44.6428571428571,4.28571428571429,2.85714285714286,0,0,0,0,0,0,0,0,0,0,3.57142857142857,0
"110",0,0,0,24.6364769422518,0,17.0544245949315,0,0,0,0,0,0,0,0,0,0,16.1092646447861,0,0,0,0,0,0,0,0,0,0,0,0,0,34.4515995014541,0,0,0,0,0,0,0,0,0,0,0,0,0,0,0,0,0,0,7.74823431657664,0,0,0,0,0,0,0,0
"111",0,28.5353736164283,0,0,0,0,0,0,0,6.90744506420379,0,0,0,0,0,5.31920130566001,0,2.598823845714,0,0,5.12939211832733,2.56606874405959,0,0,6.90886508306163,0,0,2.21371473146497,2.62476285685074,5.03245216429807,0,0,0,0,0,0,0,0,0,0,0,0,0,0,0,0,0,0,0,0,0,0,0,0,2.56606874405959,0,0,0
"112",2.30265706096522,0,0,0,2.18839569292741,0,0,0,0,0,0,0,0,2.81102331706561,0,0,0,0,0,0,0,0,0,0,0,0,0,0,0,0,0,2.30265706096522,0,6.35893562630723,0,10.1039003795801,5.26473777984352,0,0,0,0,2.16999767603997,0,38.8827562165931,2.90688666821597,2.77422728329072,2.05573630800217,0,0,0,0,0,0,0,0,0,2.94368270199085,0
"113",0,0,0,35,0,10,0,0,0,0,2.5,0,0,0,0,0,12.5,0,0,0,0,0,0,0,0,0,0,0,0,0,35,0,0,0,0,0,0,0,0,0,0,0,0,0,0,0,0,0,0,3.75,0,0,0,0,0,0,0,0
"114",0,19.8308419643101,0,0,0,0,0,0,0,7.82924481610022,0,0,0,0,0,9.56249981022477,0,3.11557766057261,0,0,7.77688203876273,3.88589803149965,0,0,6.87763597773709,0,0,2.3254599392112,2.05443056808072,2.94364131573434,0,0,0,0,0,0,0,0,0,0,0,0,0,0,0,0,0,0,0,0,0,0,0,0,2.90907186256023,0,0,0
"115",0,0,0,0,2.64026402640264,0,0,0,0,0,0,0,0,0,0,0,0,0,0,0,0,0,0,0,0,0,0,0,0,0,0,0,0,4.62046204620462,0,12.5412541254125,6.6006600660066,3.3003300330033,0,0,0,0,0,39.9339933993399,3.3003300330033,0,0,0,0,0,0,0,0,0,0,0,3.3003300330033,0
"116",0,0,0,41.6963649322879,0,14.6234259919221,0,0,0,0,0,0,0,0,0,0,11.3447374673319,0,0,0,0,0,0,0,0,0,0,0,0,0,21.5253029223094,0,0,0,0,0,0,0,0,0,0,0,0,0,0,0,0,0,0,9.9904965550012,0,0,0,0,0,0,0,0
"117",0,19.3181818181818,0,0,0,0,0,0,2.05342902711324,7.23684210526316,0,0,2.69471026049973,0,0,6.87134502923977,0,4.21318447634237,0,0,5.16679957469431,2.45547581073897,0,0,7.38968633705475,0,0,3.13995215311005,5.14354066985646,3.82442849548113,0,0,0,0,0,0,0,0,0,0,0,0,0,0,0,0,0,0,0,0,0,0,0,0,2.19962785752259,0,0,0
"118",2.22597914905607,0,0,0,0,0,0,0,0,0,0,0,0,2.37302761341223,0,0,0,0,0,0,0,0,0,0,0,0,0,0,0,0,0,3.41293322062553,0,3.70879120879121,0,13.4967596506058,6.38472104818259,0,0,0,0,0,0,42.4336080586081,0,0,0,0,0,0,0,0,0,0,0,0,3.41381375035221,0
"119",0,0,0,34.5679012345679,0,18.5185185185185,0,0,0,0,0,0,0,0,0,0,12.3456790123457,0,0,0,0,0,0,0,0,0,0,0,0,0,28.3950617283951,0,0,0,0,0,0,0,0,0,0,0,0,0,0,0,0,0,0,4.93827160493827,0,0,0,0,0,0,0,0
"120",0,15.5019009178,0,0,0,0,0,0,2.60538788772023,8.59003399879413,0,0,0,0,0,8.48912624773901,0,2.93595498090708,0,0,6.1478361358612,5.05595983787768,0,0,3.4787005091445,0,0,2.90863452133717,0,2.35531670797883,0,0,0,0,0,0,0,0,0,0,9.83327192336037,0,0,0,0,0,0,0,0,0,0,0,0,0,3.42479232263684,0,0,0
"121",2.55591054313099,0,0,0,2.87539936102236,0,0,0,0,0,0,0,0,0,0,0,0,0,0,0,0,0,0,0,0,0,0,0,0,0,0,3.83386581469649,0,3.19488817891374,0,16.9329073482428,4.15335463258786,2.87539936102236,0,0,0,0,0,38.9776357827476,3.51437699680511,0,0,0,0,0,0,0,0,0,0,0,3.83386581469649,0
"122",0,0,0,38.3193277310925,0,14.453781512605,0,0,0,0,0,0,0,0,0,0,14.453781512605,0,0,0,0,0,0,0,0,0,0,0,0,0,26.6386554621849,0,0,0,0,0,0,0,0,0,0,0,0,0,0,0,0,0,0,4.36974789915967,0,0,0,0,0,0,0,0
"123",0,14.8176037483267,0,0,0,0,0,0,0,10.2990791996816,0,0,4.28583704186113,0,0,5.86399652664713,0,4.20782228011144,0,0,9.32332935344984,4.06174246535692,0,0,4.51015774810956,0,0,0,2.48290459133832,2.93222439306777,0,0,0,0,0,0,0,0,0,0,0,0,0,0,0,0,0,0,0,0,0,0,0,0,4.05857664893809,0,0,0
"124",0,0,0,0,2.78260869565217,0,0,0,0,0,0,0,0,2.44927536231884,0,0,0,0,0,0,0,0,0,0,0,0,0,0,0,0,0,2.59420289855073,0,4.60869565217391,0,12.7101449275363,6.52898550724638,0,0,0,0,0,0,36.9130434782608,3.15942028985507,0,2.40579710144927,0,0,0,0,0,0,0,0,0,3.40579710144927,0
"125",0,0,0,25.0980392156863,0,29.313725490196,0,0,0,0,0,0,0,0,0,0,11.8627450980392,0,0,0,0,0,0,0,0,0,0,0,0,0,24.2156862745098,0,0,0,0,0,0,0,0,0,0,0,0,0,0,0,0,0,0,7.54901960784311,0,0,0,0,0,0,0,0
"126",0,15.3546604008564,0,0,0,0,0,0,0,10.1426703331682,0,0,2.36569787416057,0,0,5.33803170418558,0,4.64697995028232,0,0,4.87578615107179,2.51297621277731,0,0,4.59158841299733,0,0,0,3.15977144930247,2.21429599352342,0,0,0,0,0,0,0,0,0,0,0,0,4.64604440292347,0,0,0,0,0,0,0,0,0,0,0,4.71838472931802,0,0,0
"127",3.30879984539071,0,0,0,0,0,0,0,0,0,0,0,0,3.26773175288282,0,0,0,0,0,0,0,0,0,0,0,0,0,0,0,0,0,2.58890034142885,0,3.39254654383817,0,12.4484635701862,6.06519358371449,0,0,0,0,0,0,35.7380983057399,2.57521097725955,0,2.94965535012562,0,0,0,0,0,0,0,0,0,3.66271017200283,0
