"","depth","Acalypha","Alchornea","Allantodia","Aspleniaceae","Asplenium","Brassicaceae","Clethra","Cyathea","Cyclosorus","Isoetes","Melast.Combret","Monolete.psilate","Morac.Urtica","Myrica.Morella","Myrsine","Ophioglossum","Plantago","Poaceae","Podocarpus","Polylepis","Polypodium","Selaginella","Symplocos","Thalictrum","Trilete","Valeriana","Vallea","Weinmannia","upper_age","lower_age","Alnus","Asteraceae.1","Asteraceae..lig.","Begoniaceae","Cecropia","Charcoal.cc.","Cyperaceae","Hedyosmum","Rumex","Sporormiella","Zea.mays"
"1",0,0.383141762452107,0.383141762452107,0.766283524904214,0.383141762452107,0.383141762452107,1.14942528735632,0.383141762452107,2.29885057471264,0.383141762452107,6.13026819923372,6.89655172413793,9.19540229885057,5.74712643678161,3.06513409961686,2.29885057471264,0.766283524904214,0,46.360153256705,5.3639846743295,3.06513409961686,0.766283524904214,0,2.29885057471264,0,0.766283524904214,0.766283524904214,0,0,-59,-53,34.1117816845972,15.7438992390449,0,0,0,0.288638152715823,13.1199160325374,26.2398320650748,0,10.4959328260299,0
"2",2.5,0.383141762452107,0.383141762452107,0.766283524904214,0.383141762452107,0.383141762452107,0.766283524904214,0.766283524904214,0.766283524904214,0.383141762452107,4.98084291187739,3.44827586206897,6.89655172413793,5.74712643678161,1.14942528735632,3.83141762452107,1.53256704980843,0.383141762452107,55.5555555555556,1.91570881226054,2.68199233716475,1.14942528735632,0.383141762452107,1.91570881226054,0.766283524904214,0.766283524904214,0.766283524904214,1.14942528735632,0,-53,-46,29.5774647887324,15.4929577464789,1.40845070422535,0,0,0,16.9014084507042,29.5774647887324,0,7.04225352112676,0
"3",5,0.36231884057971,0.72463768115942,0.72463768115942,0.72463768115942,0,0.36231884057971,2.17391304347826,2.17391304347826,0.36231884057971,8.33333333333333,8.69565217391304,7.97101449275362,14.1304347826087,1.08695652173913,0,0.36231884057971,0.36231884057971,40.2173913043478,1.44927536231884,2.17391304347826,1.81159420289855,0.72463768115942,2.17391304347826,0,0,0.36231884057971,1.08695652173913,1.44927536231884,-46,212,29.8701298701299,11.6883116883117,0,0,1.2987012987013,0,12.987012987013,36.3636363636364,0,7.79220779220779,0
"4",7.5,0.377358490566038,1.88679245283019,0,0.377358490566038,1.13207547169811,0,0.377358490566038,0.754716981132076,0.754716981132076,6.79245283018868,7.92452830188679,13.2075471698113,5.66037735849057,0,2.64150943396226,0.377358490566038,0.377358490566038,43.3962264150943,1.13207547169811,3.39622641509434,1.50943396226415,0,4.15094339622642,0,0,1.50943396226415,1.50943396226415,0.754716981132076,212,469,39.5061728395062,19.7530864197531,1.23456790123457,0,1.23456790123457,0,9.87654320987654,22.2222222222222,0,6.17283950617284,0
"5",10,2.77777777777778,0.925925925925926,0,1.38888888888889,0.462962962962963,0.462962962962963,1.85185185185185,0.925925925925926,0.925925925925926,9.72222222222222,5.55555555555556,8.33333333333333,7.40740740740741,1.85185185185185,0.925925925925926,0.462962962962963,1.85185185185185,40.2777777777778,0.925925925925926,1.85185185185185,1.85185185185185,0.462962962962963,4.62962962962963,0,0.462962962962963,0.925925925925926,0.925925925925926,1.85185185185185,469,535,59.6899224806201,7.75193798449612,0,0,1.55038759689922,0,13.953488372093,11.6279069767442,0,5.42635658914729,0
"6",12.5,0.411522633744856,1.23456790123457,2.05761316872428,1.23456790123457,1.23456790123457,0,0.823045267489712,2.05761316872428,2.88065843621399,2.46913580246914,3.7037037037037,12.3456790123457,4.11522633744856,0,2.46913580246914,0.411522633744856,0.411522633744856,51.0288065843621,2.88065843621399,0.823045267489712,0.823045267489712,0.411522633744856,3.7037037037037,0,1.23456790123457,0,0.823045267489712,0.411522633744856,535,600,61.4973262032086,6.23885918003565,0.89126559714795,0,0.89126559714795,1.06951871657754,6.23885918003565,15.1515151515152,0,8.02139037433155,0
"7",15,1.16279069767442,0.387596899224806,1.16279069767442,1.16279069767442,0,0,0.387596899224806,0.775193798449612,0.387596899224806,5.03875968992248,2.71317829457364,12.4031007751938,6.58914728682171,0.387596899224806,0.387596899224806,0,0,56.2015503875969,1.55038759689922,2.32558139534884,0.387596899224806,0.387596899224806,2.71317829457364,0.775193798449612,0.775193798449612,1.16279069767442,0.387596899224806,0.387596899224806,600,670,55.7645317300186,9.12510519218485,2.02780115381886,0,3.04170173072828,0.63774346287603,9.12510519218485,10.1390057690943,0,10.1390057690943,0
"8",17.5,2.06185567010309,1.3745704467354,0.687285223367698,1.3745704467354,0.343642611683849,0,0.687285223367698,2.74914089347079,1.3745704467354,2.74914089347079,2.74914089347079,10.6529209621993,10.3092783505155,2.06185567010309,1.03092783505155,0.687285223367698,0,47.766323024055,1.3745704467354,1.3745704467354,2.06185567010309,0.687285223367698,2.06185567010309,1.03092783505155,1.03092783505155,0.343642611683849,0.343642611683849,1.03092783505155,670,740,48.185030517186,14.8261632360572,0,0,1.23551360300477,1.15891175961847,6.17756801502385,13.5906496330525,0,14.8261632360572,0
"9",20,1.92307692307692,0,3.84615384615385,1.28205128205128,0.32051282051282,0,1.28205128205128,2.56410256410256,2.56410256410256,1.6025641025641,2.24358974358974,13.4615384615385,15.3846153846154,0,0.32051282051282,0.641025641025641,0.641025641025641,41.3461538461538,0.961538461538462,0.641025641025641,1.92307692307692,0.641025641025641,2.24358974358974,1.28205128205128,0.961538461538462,0.641025641025641,0.641025641025641,0.641025641025641,740,810,30.5197648651159,14.5964092833163,0,0,1.3269462984833,1.80597391223577,19.9041944772495,11.9425166863497,0,19.9041944772495,0
"10",22.5,0.803212851405622,0.803212851405622,0.803212851405622,0.401606425702811,1.20481927710843,0,4.41767068273092,0.803212851405622,0,4.81927710843374,4.01606425702811,6.82730923694779,5.62248995983936,2.81124497991968,2.00803212851406,0.401606425702811,1.20481927710843,50.2008032128514,2.00803212851406,3.6144578313253,1.20481927710843,0.401606425702811,3.6144578313253,0.803212851405622,0,0.401606425702811,0,0.803212851405622,810,881,51.3632218367069,12.5787482049078,1.04822901707565,0,1.04822901707565,0.418243377813185,8.3858321366052,7.33760311952955,0,16.7716642732104,1.04822901707565
"11",25,2.22222222222222,0.740740740740741,0.37037037037037,1.48148148148148,0.740740740740741,0.37037037037037,0.740740740740741,2.96296296296296,0.740740740740741,5.92592592592593,2.96296296296296,10.3703703703704,8.51851851851852,1.48148148148148,0.740740740740741,0.740740740740741,0,48.1481481481481,1.48148148148148,2.22222222222222,1.85185185185185,0.37037037037037,2.22222222222222,1.11111111111111,0.740740740740741,0,0,0.740740740740741,881,945,50.746241606481,14.4989261732803,0,0,0.906182885830018,0.319882558697996,16.3112919449403,2.71854865749006,0,14.4989261732803,0
"12",27.5,2.39043824701195,1.19521912350598,0.796812749003984,0.796812749003984,0.398406374501992,0,0.398406374501992,1.19521912350598,1.59362549800797,3.98406374501992,3.18725099601594,7.17131474103586,6.37450199203187,0.796812749003984,2.78884462151394,0.398406374501992,1.19521912350598,51.394422310757,0.796812749003984,1.99203187250996,1.59362549800797,0,4.38247011952191,1.99203187250996,1.19521912350598,1.19521912350598,0.398406374501992,0.398406374501992,945,1010,54.4039437307782,14.4336993571452,0,0,0,0.0743890659175947,9.99256109340824,4.441138263737,0,16.6542684890137,0
"13",30,3.33333333333333,1.11111111111111,0.740740740740741,1.48148148148148,0,0,0,1.11111111111111,0,7.03703703703704,5.55555555555556,7.03703703703704,7.03703703703704,1.11111111111111,0.740740740740741,0.37037037037037,0.740740740740741,47.4074074074074,1.11111111111111,2.59259259259259,1.11111111111111,2.59259259259259,1.11111111111111,2.22222222222222,1.11111111111111,0.37037037037037,2.22222222222222,0.740740740740741,1010,1050,44.649335283021,8.92986705660419,0,0,1.11623338207552,0.655228995278333,23.440901023586,5.58116691037762,0,15.6272673490573,0
"14",32.5,2.4390243902439,0.813008130081301,0.813008130081301,1.21951219512195,0,0.40650406504065,0.813008130081301,2.4390243902439,0,5.28455284552846,2.84552845528455,5.69105691056911,4.8780487804878,2.4390243902439,1.6260162601626,0.40650406504065,0,53.2520325203252,0.813008130081301,2.84552845528455,1.6260162601626,0.813008130081301,3.2520325203252,2.4390243902439,0.40650406504065,0.813008130081301,0.813008130081301,0.813008130081301,1050,1142,66.1278471711977,8.3971869423743,0,1.04964836779679,0,1.33305342710192,6.29789020678073,2.09929673559358,0,14.695077149155,0
"15",35,6.06060606060606,1.34680134680135,1.34680134680135,0.673400673400673,1.68350168350168,0.336700336700337,0.336700336700337,1.01010101010101,1.34680134680135,6.06060606060606,5.38720538720539,9.09090909090909,3.7037037037037,1.34680134680135,0.673400673400673,0.336700336700337,0,48.1481481481481,1.01010101010101,3.03030303030303,1.01010101010101,0.336700336700337,1.34680134680135,2.35690235690236,0.336700336700337,0.336700336700337,1.34680134680135,0,1142,1205,39.7260273972603,17.8082191780822,0,0,0,0,19.1780821917808,6.84931506849315,0,16.4383561643836,0
"16",37.5,3.90070921985816,1.41843971631206,0.709219858156028,0.709219858156028,0.354609929078014,0,1.41843971631206,2.12765957446809,0.354609929078014,4.60992907801418,3.54609929078014,13.8297872340426,4.25531914893617,0.354609929078014,1.06382978723404,1.41843971631206,1.06382978723404,45.7446808510638,1.41843971631206,2.4822695035461,1.06382978723404,0.354609929078014,3.19148936170213,1.41843971631206,0.709219858156028,1.06382978723404,1.06382978723404,0.354609929078014,1205,1267,43.9084362742228,17.5633745096891,0,0,0,0.474211111761606,7.8059442265285,13.6604023964249,0,16.5876314813731,0
"17",40,3.11284046692607,0,0.389105058365759,1.55642023346304,0.778210116731518,1.94552529182879,1.55642023346304,2.33463035019455,1.55642023346304,3.11284046692607,3.89105058365759,7.00389105058366,5.83657587548638,0.778210116731518,0.778210116731518,0.778210116731518,0,57.5875486381323,1.16731517509728,0,1.55642023346304,0.389105058365759,0,0.778210116731518,0,0,1.55642023346304,1.55642023346304,1267,1318,37.9334689103611,10.5370746973225,0,0,1.05370746973225,0.951497845168224,12.644489636787,16.859319515716,0,18.9667344551805,1.05370746973225
"18",42.5,2.86885245901639,0.819672131147541,0.409836065573771,1.63934426229508,1.22950819672131,0.409836065573771,2.04918032786885,1.22950819672131,1.22950819672131,4.50819672131148,6.9672131147541,6.14754098360656,7.37704918032787,2.86885245901639,2.45901639344262,2.04918032786885,0,44.2622950819672,2.04918032786885,0.409836065573771,3.27868852459016,0.409836065573771,2.45901639344262,0.819672131147541,0,0.819672131147541,0.409836065573771,0.819672131147541,1318,1368,59.9467358510962,7.86186699686508,0,0,0,1.72666253918649,9.82733374608135,7.86186699686508,0,12.7755338699058,0
"19",45,3.125,1.953125,2.34375,0.390625,0,0,2.734375,1.171875,3.125,3.90625,4.296875,10.9375,7.03125,1.5625,1.171875,0.390625,0,42.96875,1.171875,2.734375,0.390625,0,5.078125,0.78125,0.390625,0.78125,0.390625,1.171875,1368,1406,54.6746856205577,11.1834584223868,0,0,3.72781947412893,1.83408718127143,12.4260649137631,6.21303245688155,0,9.94085193101049,0
"20",47.5,3.25581395348837,1.86046511627907,0.930232558139535,1.86046511627907,0.465116279069767,0,1.3953488372093,0.930232558139535,0.465116279069767,6.04651162790698,4.65116279069767,6.51162790697674,6.51162790697674,2.32558139534884,0.930232558139535,1.3953488372093,0.930232558139535,48.8372093023256,2.7906976744186,0.465116279069767,0.930232558139535,0,3.25581395348837,0.465116279069767,0,0.465116279069767,1.86046511627907,0.465116279069767,1406,1445,56.8064449493906,12.9105556703161,0,0,3.44281484541761,0.15836948288921,6.02492597948082,11.1891482476072,0,9.46774082489844,0
"21",50,2.89256198347107,0,1.2396694214876,1.65289256198347,0.826446280991736,0.826446280991736,1.65289256198347,0.826446280991736,1.65289256198347,4.13223140495868,9.50413223140496,9.09090909090909,4.95867768595041,2.47933884297521,0.826446280991736,0.413223140495868,0.413223140495868,42.9752066115703,2.06611570247934,2.47933884297521,1.65289256198347,0,0.826446280991736,0.826446280991736,0.826446280991736,0.826446280991736,1.65289256198347,2.47933884297521,1445,1483,46.3406345577559,12.3575025487349,0,2.05958375812248,1.02979187906124,0.110187731059553,14.4170863068574,16.4766700649799,0,7.20854315342869,0
"22",52.5,3.40425531914894,0.425531914893617,0.851063829787234,1.27659574468085,0.425531914893617,0,2.97872340425532,1.70212765957447,0.851063829787234,0,5.95744680851064,6.38297872340426,4.68085106382979,0.425531914893617,2.97872340425532,0.851063829787234,0,51.063829787234,2.5531914893617,3.40425531914894,1.70212765957447,0.425531914893617,1.27659574468085,1.27659574468085,1.27659574468085,0.425531914893617,1.27659574468085,2.12765957446809,1483,1521,42.8571428571429,13.0952380952381,0,0,2.38095238095238,0,7.14285714285714,28.5714285714286,0,5.95238095238095,0
"23",55,1.5748031496063,1.5748031496063,0.78740157480315,1.96850393700787,0.393700787401575,1.18110236220472,1.18110236220472,3.54330708661417,1.18110236220472,1.18110236220472,5.11811023622047,9.44881889763779,6.2992125984252,3.1496062992126,1.5748031496063,1.5748031496063,1.5748031496063,37.4015748031496,3.54330708661417,2.75590551181102,2.36220472440945,0.393700787401575,1.96850393700787,2.36220472440945,1.5748031496063,0.78740157480315,1.96850393700787,1.5748031496063,1521,1561,40.5437634152158,14.3095635583115,0,2.38492725971858,2.38492725971858,1.02551872167899,9.53970903887431,23.8492725971858,0,4.76985451943716,1.19246362985929
"24",57.5,1.56862745098039,0.784313725490196,0.392156862745098,1.56862745098039,0.392156862745098,0,2.74509803921569,1.96078431372549,0.784313725490196,2.74509803921569,7.05882352941176,10.5882352941176,7.84313725490196,0.392156862745098,2.74509803921569,1.17647058823529,0.392156862745098,42.7450980392157,2.74509803921569,2.35294117647059,1.56862745098039,0,1.96078431372549,2.35294117647059,0.784313725490196,1.17647058823529,0.784313725490196,0.392156862745098,1561,1601,45.2909069794449,19.7421902218093,0,0,0,0.127743583788178,3.48391592149576,22.0648008361398,0,9.29044245732203,0
"25",60,3.50877192982456,1.75438596491228,1.75438596491228,1.31578947368421,0,1.75438596491228,2.63157894736842,1.75438596491228,1.75438596491228,2.63157894736842,5.70175438596491,8.7719298245614,5.26315789473684,0,1.31578947368421,2.19298245614035,1.75438596491228,38.1578947368421,3.50877192982456,1.75438596491228,2.63157894736842,0.43859649122807,1.75438596491228,2.19298245614035,0.87719298245614,2.63157894736842,0.87719298245614,1.31578947368421,1601,1640,35.3185289832678,15.8933380424705,0,2.64888967374509,0,0.225155622268333,11.4785219195621,28.2548231866143,0.882963224581696,4.41481612290848,0.882963224581696
"26",62.5,2.28310502283105,1.82648401826484,0.45662100456621,0.91324200913242,0.45662100456621,0,3.19634703196347,1.82648401826484,0,2.28310502283105,8.21917808219178,8.67579908675799,7.76255707762557,2.73972602739726,2.73972602739726,2.28310502283105,0,38.8127853881278,2.73972602739726,0.91324200913242,1.36986301369863,1.36986301369863,4.10958904109589,0.91324200913242,0,0,2.73972602739726,1.36986301369863,1640,1680,59.0230439264457,6.6504838226981,0,0,0.831310477837263,0.242742659528481,8.31310477837263,20.7827619459316,0,3.32524191134905,0.831310477837263
"27",65,3.08370044052863,1.3215859030837,0,1.76211453744493,0,0,0.881057268722467,1.3215859030837,0.440528634361234,2.6431718061674,9.2511013215859,11.8942731277533,4.40528634361234,0.440528634361234,1.76211453744493,0.440528634361234,0,44.0528634361233,1.76211453744493,5.2863436123348,2.20264317180617,0,2.20264317180617,2.20264317180617,0,0.881057268722467,0,1.76211453744493,1680,1719,55.7691158603382,10.9546477582807,0,0,0,0.412293106538929,8.9628936204115,23.9010496544307,0,0,0
"28",67.5,1.8348623853211,0.917431192660551,0.458715596330275,1.37614678899083,0,0.458715596330275,2.29357798165138,2.75229357798165,0,3.21100917431193,8.71559633027523,12.8440366972477,7.3394495412844,2.75229357798165,0.917431192660551,0.458715596330275,0.917431192660551,40.3669724770642,5.5045871559633,0,0.917431192660551,0.458715596330275,0.917431192660551,0.458715596330275,0.458715596330275,0.917431192660551,0.917431192660551,1.8348623853211,1719,1758,44.2403489678727,10.6176837522894,0,0,0.884806979357453,2.67123227068015,10.6176837522894,27.4290163600811,0,2.65442093807236,0.884806979357453
"29",70,3.62903225806452,0.806451612903226,1.20967741935484,0.806451612903226,0.403225806451613,0,2.82258064516129,1.20967741935484,0.403225806451613,4.83870967741935,7.25806451612903,10.4838709677419,9.2741935483871,0,0.806451612903226,0.806451612903226,0.403225806451613,39.1129032258064,3.62903225806452,3.2258064516129,1.61290322580645,0,2.01612903225806,0.403225806451613,1.20967741935484,1.20967741935484,0.806451612903226,1.61290322580645,1758,1797,34.6687603878822,14.2753719244221,0,0,1.01966942317301,0.0723965290452835,9.17702480855707,33.6490909647092,0,6.11801653903804,1.01966942317301
"30",72.5,3.11111111111111,0.888888888888889,0.444444444444444,0.888888888888889,1.33333333333333,0.444444444444444,0.444444444444444,1.77777777777778,0.444444444444444,4,4.88888888888889,9.33333333333333,4,0.444444444444444,2.22222222222222,0,0.444444444444444,48.4444444444444,4,6.66666666666667,0.888888888888889,0,0.888888888888889,1.77777777777778,0,0.444444444444444,0.888888888888889,0.888888888888889,1797,1836,45.9915231310307,9.9197402831635,0,0,0,0.802597168365046,4.50897285598341,33.3663991342772,0,4.50897285598341,0.901794571196681
"31",75,2.4390243902439,0.813008130081301,0,1.6260162601626,0.40650406504065,0.40650406504065,0.813008130081301,2.4390243902439,0.813008130081301,4.0650406504065,8.53658536585366,17.0731707317073,6.09756097560976,2.4390243902439,1.6260162601626,1.21951219512195,0.40650406504065,36.5853658536585,3.2520325203252,2.4390243902439,1.6260162601626,0.40650406504065,0.40650406504065,0.40650406504065,0.813008130081301,0.40650406504065,0.813008130081301,1.6260162601626,1836,1875,37.3429595184536,8.00206275395435,0,0,0.889118083772706,0.418774617456944,6.22382658640894,41.7885499373172,0,4.44559041886353,0.889118083772706
"32",77.5,1.86046511627907,2.32558139534884,0.930232558139535,0.930232558139535,0,0,1.3953488372093,1.86046511627907,0.930232558139535,1.86046511627907,4.18604651162791,6.97674418604651,2.32558139534884,0.465116279069767,3.72093023255814,0.465116279069767,0,50.6976744186047,6.97674418604651,3.72093023255814,1.3953488372093,0,3.25581395348837,0.465116279069767,0,0,1.86046511627907,1.3953488372093,1875,1914,46.8901110709506,14.6531597096721,0,0,0,0.358513974229976,4.88438656989069,28.329442105366,0,2.93063194193441,1.95375462795627
"33",80,2.26244343891403,0.904977375565611,1.80995475113122,0.904977375565611,0,0,3.16742081447964,1.80995475113122,0.452488687782805,6.33484162895928,3.16742081447964,9.50226244343891,10.4072398190045,0.452488687782805,3.61990950226244,0,0,40.2714932126697,6.78733031674208,2.26244343891403,1.35746606334842,0.452488687782805,1.35746606334842,0.904977375565611,0.452488687782805,0.452488687782805,0,0.904977375565611,1914,1953,46.496072305471,5.71004396733855,0,0,0.81572056676265,0.482090854956726,8.1572056676265,35.0759843707939,0,3.2628822670506,0
"34",82.5,4.29184549356223,0.429184549356223,2.14592274678112,1.71673819742489,0.429184549356223,0.858369098712446,1.71673819742489,2.57510729613734,0.429184549356223,3.43347639484979,5.15021459227468,13.7339055793991,4.29184549356223,0.858369098712446,1.71673819742489,0.429184549356223,0,39.9141630901288,2.57510729613734,1.71673819742489,2.57510729613734,0.858369098712446,2.57510729613734,0.858369098712446,0.858369098712446,0.858369098712446,1.71673819742489,1.28755364806867,1953,1992,35.7151756272997,13.2893676752743,0,0.830585479704644,0.830585479704644,0.329742435442744,8.30585479704644,34.884590147595,0,4.98351287822786,0.830585479704644
"35",85,2.94117647058824,0.420168067226891,1.68067226890756,1.68067226890756,0.420168067226891,0.420168067226891,0.420168067226891,1.26050420168067,1.26050420168067,4.6218487394958,2.52100840336134,10.5042016806723,7.14285714285714,0.420168067226891,2.10084033613445,0,0,47.4789915966387,5.04201680672269,2.10084033613445,0.840336134453782,2.10084033613445,2.10084033613445,0,0,0.420168067226891,0.840336134453782,1.26050420168067,1992,2030,41.3793103448276,4.31034482758621,0,0,0,0,10.3448275862069,40.5172413793103,0,3.44827586206897,0
"36",87.5,3.44827586206897,0.862068965517241,1.72413793103448,1.72413793103448,0,0,0.431034482758621,1.29310344827586,0.431034482758621,3.44827586206897,3.87931034482759,10.7758620689655,5.17241379310345,0,1.72413793103448,0,0.431034482758621,48.2758620689655,7.32758620689655,3.44827586206897,0.862068965517241,0.431034482758621,0.431034482758621,0,0.431034482758621,0.431034482758621,1.72413793103448,1.29310344827586,2030,2068,42.7677887271237,8.01896038633569,0,0,0,0.208492970044728,8.90995598481744,37.4218151362332,0,2.67298679544523,0
"37",90,3.00751879699248,0.75187969924812,0,2.25563909774436,0.37593984962406,0.37593984962406,1.12781954887218,4.51127819548872,1.50375939849624,7.5187969924812,5.6390977443609,14.2857142857143,4.88721804511278,1.50375939849624,0.75187969924812,3.7593984962406,0.75187969924812,30.8270676691729,4.13533834586466,2.25563909774436,0.75187969924812,1.50375939849624,1.50375939849624,0.75187969924812,1.12781954887218,0.75187969924812,1.8796992481203,1.50375939849624,2068,2106,32.7444922084901,7.55642127888232,0,0.839602364320258,0.839602364320258,0.0873186458893068,15.1128425577646,41.1405158516926,0,1.67920472864052,0
"38",92.5,1.30718954248366,0.326797385620915,1.96078431372549,4.2483660130719,0.980392156862745,0.326797385620915,0,3.92156862745098,2.28758169934641,0.65359477124183,1.63398692810458,15.6862745098039,3.92156862745098,0.326797385620915,0.65359477124183,0,0,54.5751633986928,1.63398692810458,0,1.30718954248366,0.65359477124183,0.65359477124183,0.326797385620915,0.326797385620915,0.980392156862745,0.326797385620915,0.980392156862745,2106,2144,43.2853587274105,9.61896860609121,0,0,0,0.203200711803677,4.80948430304561,38.4758744243648,0,3.6071132272842,0
"39",95,0.537634408602151,0.537634408602151,1.0752688172043,4.3010752688172,0.537634408602151,0,0.537634408602151,1.34408602150538,2.95698924731183,2.95698924731183,3.49462365591398,24.7311827956989,9.40860215053763,0.268817204301075,0.806451612903226,0.806451612903226,0.268817204301075,39.247311827957,0.806451612903226,0.537634408602151,0.806451612903226,1.0752688172043,1.0752688172043,0.268817204301075,1.0752688172043,0.268817204301075,0.268817204301075,0,2144,2183,48.5233174211824,9.18008707968316,0,0,0,0.330483134868594,5.24576404553323,28.8517022504328,0,7.86864606829985,0
"40",97.5,4.149377593361,0.4149377593361,0.829875518672199,2.4896265560166,0.4149377593361,0.4149377593361,0.829875518672199,1.6597510373444,0.829875518672199,4.149377593361,3.7344398340249,14.9377593360996,7.05394190871369,3.3195020746888,0,0.829875518672199,1.6597510373444,39.0041493775934,2.4896265560166,0.4149377593361,2.4896265560166,1.2448132780083,0.829875518672199,0.4149377593361,0.829875518672199,0.4149377593361,1.6597510373444,2.4896265560166,2183,2222,33.3696873016131,14.6501066202204,0,0,1.62778962446893,1.51872771962952,11.3945273712825,34.1835821138476,0,3.25557924893787,0
"41",100,2.06611570247934,0.413223140495868,0,0,0,0.413223140495868,2.06611570247934,0.826446280991736,0.413223140495868,5.37190082644628,2.89256198347107,11.1570247933884,7.43801652892562,0,2.89256198347107,0,0.826446280991736,46.6942148760331,3.30578512396694,3.71900826446281,1.2396694214876,1.2396694214876,3.30578512396694,0.826446280991736,0.826446280991736,0.413223140495868,0,1.65289256198347,2222,2261,49.6650252551937,8.45362132003297,0,0,3.17010799501236,1.72665215461673,11.6237293150453,19.0206479700742,0,6.34021599002473,0
"42",102.5,1.75438596491228,0.43859649122807,1.75438596491228,1.31578947368421,1.31578947368421,1.75438596491228,1.75438596491228,3.50877192982456,2.63157894736842,4.3859649122807,4.82456140350877,14.0350877192982,6.14035087719298,1.31578947368421,0.87719298245614,0.43859649122807,0.43859649122807,36.4035087719298,2.63157894736842,3.50877192982456,2.19298245614035,0.87719298245614,0,1.31578947368421,0.87719298245614,0,1.75438596491228,1.75438596491228,2261,2299,23.7225059862261,14.8265662413913,0,0,0,0.662006182678123,14.8265662413913,37.8077439155479,0,7.41328312069566,0.741328312069566
"43",105,3.55731225296443,0.790513833992095,1.58102766798419,2.37154150197628,0.790513833992095,0,1.18577075098814,2.76679841897233,0,5.13833992094862,3.16205533596838,15.0197628458498,4.34782608695652,0,1.58102766798419,0,0,44.2687747035573,4.34782608695652,1.58102766798419,0.790513833992095,1.18577075098814,1.58102766798419,1.18577075098814,0.395256916996047,0.395256916996047,0.790513833992095,1.18577075098814,2299,2338,40.3960693685061,8.45499126317569,0,0,0,0.41899178926404,6.57610431580332,38.5171824211337,0,4.69721736843094,0.939443473686188
"44",107.5,2.56410256410256,0.854700854700855,0,2.56410256410256,0.854700854700855,1.28205128205128,0.854700854700855,2.56410256410256,0,3.84615384615385,5.55555555555556,11.965811965812,5.98290598290598,1.70940170940171,0.854700854700855,4.27350427350427,0.854700854700855,35.042735042735,2.56410256410256,6.83760683760684,1.70940170940171,2.56410256410256,1.70940170940171,0.427350427350427,0,0,1.70940170940171,0.854700854700855,2338,2377,23.0278307783407,8.22422527797881,0,0,1.64484505559576,1.30929666425423,9.86907033357458,52.6350417790644,0,3.28969011119153,0
"45",110,3.75586854460094,0.938967136150235,0,0.469483568075117,0.938967136150235,0,0.469483568075117,0.469483568075117,0.469483568075117,5.63380281690141,5.16431924882629,5.63380281690141,16.4319248826291,0.938967136150235,0.938967136150235,0,1.87793427230047,41.7840375586854,4.69483568075117,1.40845070422535,0.469483568075117,0.469483568075117,0.469483568075117,1.40845070422535,0.938967136150235,0.938967136150235,0.469483568075117,2.8169014084507,2377,2415,33.58994843489,6.35485510930351,0,0,0.907836444186215,0.137991139516305,13.6175466627932,42.6683128767521,0,2.72350933255865,0
"46",112.5,2.67857142857143,0.892857142857143,0.446428571428571,1.78571428571429,0.892857142857143,2.23214285714286,1.78571428571429,0,0.892857142857143,1.33928571428571,4.46428571428571,9.82142857142857,6.69642857142857,3.57142857142857,0.892857142857143,1.33928571428571,0,41.9642857142857,4.01785714285714,1.78571428571429,1.78571428571429,2.23214285714286,0,0.892857142857143,1.33928571428571,0,0,6.25,2415,2454,24.7981704460915,11.9398598444144,0,0.918450757262649,1.8369015145253,0.807318215633869,6.42915530083854,51.4332424067084,0,1.8369015145253,0
"47",115,0.711743772241993,0.711743772241993,0.355871886120996,3.20284697508897,1.42348754448399,0.355871886120996,2.13523131672598,3.55871886120996,0.711743772241993,1.42348754448399,5.69395017793594,12.0996441281139,3.55871886120996,2.84697508896797,2.13523131672598,1.06761565836299,0,41.9928825622776,4.27046263345196,2.13523131672598,2.13523131672598,1.06761565836299,0,0,0.711743772241993,0,1.42348754448399,4.27046263345196,2454,2493,27.9544342721364,13.9772171360682,0,0,2.3295361893447,0.994711952850188,9.31814475737881,43.096419502877,0,2.3295361893447,0
"48",117.5,2.0979020979021,0,1.04895104895105,2.7972027972028,1.3986013986014,0.34965034965035,3.4965034965035,1.04895104895105,0,3.4965034965035,4.89510489510489,12.5874125874126,4.1958041958042,0.699300699300699,0.699300699300699,0.34965034965035,1.04895104895105,42.6573426573427,8.39160839160839,2.0979020979021,1.04895104895105,0.699300699300699,1.74825174825175,0,0.34965034965035,0,0,2.7972027972028,2493,2533,17.2985056752405,21.2904685233729,0,0,0,0.200928796689332,13.3065428271081,39.9196284813243,0,5.32261713084324,2.66130856542162
"49",120,1.06382978723404,0.354609929078014,2.12765957446809,2.12765957446809,1.06382978723404,0.354609929078014,2.83687943262411,1.06382978723404,0.709219858156028,3.90070921985816,5.67375886524823,12.7659574468085,6.38297872340426,1.41843971631206,2.12765957446809,1.41843971631206,0.354609929078014,42.9078014184397,1.06382978723404,1.41843971631206,1.77304964539007,0.709219858156028,0,0,0.709219858156028,0,1.41843971631206,4.25531914893617,2533,2571,20.6676878935979,13.3732098135045,0,0,1.21574634668223,1.52454591873951,14.5889561601867,43.7668684805602,0,4.86298538672891,0
"50",122.5,1.32890365448505,0.332225913621262,1.66112956810631,3.32225913621263,0.996677740863787,0.332225913621262,2.6578073089701,0.664451827242525,1.66112956810631,4.65116279069767,4.65116279069767,12.624584717608,4.98338870431894,0.996677740863787,2.6578073089701,1.32890365448505,1.32890365448505,39.202657807309,1.32890365448505,1.32890365448505,3.32225913621263,1.32890365448505,0,0,0.664451827242525,0,1.99335548172757,4.65116279069767,2571,2609,17.3305934490357,14.8547943848877,0,0,0,2.20593696615583,9.90319625659182,49.5159812829591,0,6.18949766036988,0
"51",125,4.56273764258555,0,0,2.28136882129278,0.760456273764259,0.380228136882129,0,2.28136882129278,0.760456273764259,3.04182509505703,6.4638783269962,8.36501901140684,4.56273764258555,1.52091254752852,1.52091254752852,3.04182509505703,0.760456273764259,47.5285171102662,4.56273764258555,3.04182509505703,0,0.760456273764259,0,0,0,0,0,3.80228136882129,2609,2650,9.50186474095541,19.0037294819108,0,1.18773309261943,1.18773309261943,0.230420219968169,8.31413164833599,54.6357222604936,1.18773309261943,3.56319927785828,1.18773309261943
"52",127.5,1.3840830449827,0.69204152249135,0.69204152249135,2.7681660899654,1.3840830449827,2.07612456747405,2.07612456747405,3.46020761245675,0.346020761245675,1.3840830449827,6.22837370242214,10.7266435986159,4.84429065743945,0,1.03806228373702,2.07612456747405,0,47.7508650519031,1.3840830449827,2.07612456747405,3.46020761245675,0.69204152249135,0,0,0.69204152249135,0,0,2.7681660899654,2650,2690,20.8118951542971,16.1870295644533,0,3.46864919238285,0,0.565389818358404,12.7183803720704,34.6864919238285,0,11.5621639746095,0
"53",130,3.64238410596026,0,0,1.98675496688742,0.662251655629139,1.98675496688742,0.662251655629139,2.64900662251656,1.65562913907285,3.64238410596026,7.6158940397351,11.2582781456954,6.62251655629139,1.98675496688742,0.993377483443709,2.64900662251656,0,36.7549668874172,4.96688741721854,3.97350993377483,0.993377483443709,0.662251655629139,0,0.33112582781457,0,0,0.662251655629139,3.64238410596026,2690,2727,27.53825235366,17.2114077210375,0,0,0,0.173835217982479,18.9325484931413,32.7016746699713,0,3.4422815442075,0
"54",132.5,2.06185567010309,0,0,2.74914089347079,1.71821305841924,0.687285223367698,1.03092783505155,2.06185567010309,0.687285223367698,2.06185567010309,4.81099656357388,13.0584192439863,6.87285223367698,3.43642611683849,0.687285223367698,1.3745704467354,0.343642611683849,41.5807560137457,3.43642611683849,2.06185567010309,2.06185567010309,0.687285223367698,1.3745704467354,0,0,0.343642611683849,1.3745704467354,3.43642611683849,2727,2765,34.0148450502326,9.71852715720932,0,2.42963178930233,2.42963178930233,0.38509663860442,12.1481589465117,34.0148450502326,0,3.6444476839535,1.21481589465117
"55",135,2.29508196721311,0,0,0.655737704918033,0.983606557377049,0.983606557377049,0.655737704918033,2.95081967213115,0,3.60655737704918,4.26229508196721,16.7213114754098,5.24590163934426,2.29508196721311,0.983606557377049,1.63934426229508,0,46.8852459016393,0.327868852459016,0.983606557377049,2.29508196721311,0.327868852459016,1.31147540983607,0,0.327868852459016,0.327868852459016,0.655737704918033,3.27868852459016,2765,2804,38.5714285714286,14.2857142857143,0,1.42857142857143,0,0,14.2857142857143,21.4285714285714,0,10,0
"56",137.5,2.5974025974026,0,0.974025974025974,0.649350649350649,2.5974025974026,0.974025974025974,0.649350649350649,2.27272727272727,0,3.8961038961039,3.8961038961039,12.987012987013,8.76623376623377,1.2987012987013,0.649350649350649,2.5974025974026,0,46.4285714285714,0,0.649350649350649,0.649350649350649,0.649350649350649,1.94805194805195,0,0,0.324675324675325,0.324675324675325,4.22077922077922,2804,2842,43.308791684712,14.436263894904,0,1.604029321656,0,0.550182057328008,8.02014660828,20.852381181528,0,9.624175929936,1.604029321656
"57",140,2.73037542662116,1.36518771331058,0,3.07167235494881,0,0.341296928327645,0.341296928327645,2.04778156996587,0,4.09556313993174,3.41296928327645,18.0887372013652,4.43686006825939,3.07167235494881,1.02389078498294,0.341296928327645,0.341296928327645,41.6382252559727,3.7542662116041,1.36518771331058,1.36518771331058,0.341296928327645,1.02389078498294,0,0.68259385665529,0.341296928327645,0.68259385665529,4.09556313993174,2842,2881,34.1014273883178,18.2686218151703,0,1.21790812101135,1.21790812101135,0.131534077069226,12.1790812101135,28.0118867832611,0,4.8716324840454,0
"58",142.5,1.26582278481013,0,0,3.16455696202532,1.89873417721519,1.58227848101266,1.89873417721519,3.16455696202532,1.26582278481013,3.48101265822785,5.69620253164557,13.9240506329114,4.43037974683544,1.89873417721519,1.89873417721519,1.89873417721519,0.316455696202532,37.6582278481013,2.53164556962025,2.53164556962025,3.79746835443038,0.632911392405063,0.316455696202532,0,0,0.316455696202532,0.632911392405063,3.79746835443038,2881,2919,33.7358204129827,16.8679102064913,0,0,0,1.60385712880055,16.8679102064913,28.1131836774856,0,2.81131836774856,0
"59",145,2.54545454545455,0,0,2.90909090909091,0.727272727272727,2.18181818181818,0,2.18181818181818,1.81818181818182,2.18181818181818,4.36363636363636,13.8181818181818,9.81818181818182,0,1.45454545454545,0.363636363636364,0,42.9090909090909,4.36363636363636,0.727272727272727,1.45454545454545,0.363636363636364,0,0,0.727272727272727,0,1.45454545454545,3.63636363636364,2919,2959,41.6608804332731,11.5724667870203,0,1.15724667870203,3.4717400361061,0.476785631625237,11.5724667870203,24.3021802527427,0,5.78623339351016,0
"60",147.5,5.86319218241042,0.325732899022801,0,1.30293159609121,1.30293159609121,0.977198697068404,3.25732899022801,3.90879478827362,1.62866449511401,4.56026058631922,3.25732899022801,12.3778501628664,5.21172638436482,1.30293159609121,0,2.60586319218241,1.30293159609121,39.7394136807818,3.90879478827362,1.30293159609121,1.95439739413681,0.651465798045603,0,0,0,0,0.325732899022801,2.93159609120521,2959,2999,26.0603296631702,22.802788455274,0,1.62877060394814,0,0.644993159163463,9.77262362368884,35.8329532868591,0,3.25754120789628,0
"61",150,1.51975683890578,0.60790273556231,0,3.03951367781155,0.60790273556231,1.21580547112462,0.60790273556231,3.3434650455927,1.21580547112462,1.21580547112462,4.25531914893617,15.1975683890577,8.20668693009119,0.60790273556231,0.60790273556231,1.21580547112462,0.60790273556231,39.5136778115502,1.82370820668693,1.51975683890578,4.55927051671733,1.21580547112462,0.60790273556231,0.303951367781155,0.60790273556231,0,0.60790273556231,5.16717325227964,2999,3046,21.7096336499322,32.5644504748982,0,7.23654454997739,1.80913613749435,0.497512437810945,12.6639529624604,10.8548168249661,1.80913613749435,10.8548168249661,0
"62",152.5,1.67785234899329,0.671140939597315,0.671140939597315,1.34228187919463,1.34228187919463,1.00671140939597,0,2.01342281879195,2.01342281879195,4.69798657718121,8.7248322147651,10.4026845637584,9.06040268456376,0.671140939597315,1.34228187919463,2.3489932885906,0.671140939597315,43.2885906040268,0,2.01342281879195,0.671140939597315,0.671140939597315,0,0.335570469798658,0,0,1.00671140939597,3.35570469798658,3046,3077,40.5797101449275,23.1884057971014,0,7.2463768115942,0,0,11.5942028985507,11.5942028985507,0,5.79710144927536,0
"63",155,3.63036303630363,0,0,1.98019801980198,1.32013201320132,0.99009900990099,0.66006600660066,3.96039603960396,1.32013201320132,2.64026402640264,8.58085808580858,8.58085808580858,10.2310231023102,0,0.66006600660066,1.98019801980198,2.64026402640264,39.2739273927393,1.98019801980198,1.32013201320132,0.66006600660066,0.66006600660066,0,0.33003300330033,0,0,1.32013201320132,5.28052805280528,3077,3115,23.3734577691704,20.0343923735746,0,6.67813079119155,3.33906539559577,1.4975708299247,16.6953269779789,15.025794280181,0,13.3562615823831,0
"64",157.5,3.15457413249211,0,1.26182965299685,1.89274447949527,0.315457413249211,1.89274447949527,0.630914826498423,2.8391167192429,2.20820189274448,0.630914826498423,2.52365930599369,14.5110410094637,8.51735015772871,1.26182965299685,0.630914826498423,1.57728706624606,0.630914826498423,41.6403785488959,1.26182965299685,1.89274447949527,3.47003154574132,1.26182965299685,0,0,0,0.630914826498423,0.315457413249211,5.04731861198738,3115,3154,31.9723157360215,26.3301423708412,0,3.76144891012018,0,0.321603881815275,16.9265200955408,18.8072445506009,0,1.88072445506009,0
"65",160,5.07246376811594,0.72463768115942,0,0.72463768115942,0,0.72463768115942,2.17391304347826,2.17391304347826,0.36231884057971,1.44927536231884,5.07246376811594,14.1304347826087,9.78260869565217,2.17391304347826,0.72463768115942,0.72463768115942,1.44927536231884,41.6666666666667,1.44927536231884,2.17391304347826,1.44927536231884,0.36231884057971,0,0,0,0.36231884057971,1.44927536231884,3.6231884057971,3154,3192,36.9352598764885,23.6385663209526,0,5.90964158023816,4.43223118517862,1.01350353101084,11.8192831604763,16.2515143456549,0,0,0
"66",162.5,1.70648464163823,0,0.68259385665529,2.04778156996587,0.68259385665529,1.36518771331058,0.68259385665529,1.36518771331058,2.04778156996587,0.341296928327645,4.43686006825939,13.3105802047782,8.53242320819113,1.36518771331058,0,0.68259385665529,1.36518771331058,41.9795221843003,1.36518771331058,2.04778156996587,3.41296928327645,1.36518771331058,2.04778156996587,0,0,0.68259385665529,0.341296928327645,6.14334470989761,3192,3230,36.8019136995124,19.9343699205692,0,4.60023921243905,4.60023921243905,0.328150397153985,12.2673045665041,12.2673045665041,0,9.20047842487809,0
"67",165,3.54838709677419,0,0,0.967741935483871,1.93548387096774,0.645161290322581,0,3.2258064516129,1.93548387096774,3.54838709677419,4.51612903225806,9.03225806451613,9.67741935483871,4.51612903225806,0.645161290322581,1.29032258064516,0,40,1.93548387096774,3.2258064516129,2.90322580645161,1.29032258064516,0,0,0,0.967741935483871,0.645161290322581,3.54838709677419,3230,3268,38.581487316336,25.720991544224,0,0,3.215123943028,0.331157766131884,12.860495772112,6.43024788605601,0,12.860495772112,0
"68",167.5,4.05405405405405,0,0,3.04054054054054,1.01351351351351,0,2.02702702702703,3.04054054054054,2.02702702702703,2.36486486486486,3.71621621621622,6.41891891891892,9.7972972972973,1.68918918918919,0.337837837837838,0.675675675675676,1.68918918918919,41.554054054054,2.02702702702703,2.36486486486486,2.36486486486486,0.675675675675676,0.675675675675676,0.337837837837838,0.675675675675676,0,2.02702702702703,5.40540540540541,3268,3306,28.4333238555587,18.9555492370391,0,1.5796291030866,4.73888730925979,0.483366505544498,12.6370328246928,20.5351783401257,0,12.6370328246928,0
"69",170,4.18006430868167,1.28617363344051,0.321543408360129,2.2508038585209,0.321543408360129,0.321543408360129,1.92926045016077,1.60771704180064,0.643086816720257,3.85852090032154,4.82315112540193,12.2186495176849,5.78778135048232,1.28617363344051,0.964630225080386,1.60771704180064,0.321543408360129,41.8006430868167,0.643086816720257,1.92926045016077,1.28617363344051,0.964630225080386,0.643086816720257,0.321543408360129,0.321543408360129,0,1.28617363344051,7.07395498392283,3306,3345,20.7289036294426,30.1511325519165,0,3.76889156898956,1.88444578449478,0.124373421776655,18.8444578449478,16.960012060453,0,7.53778313797912,0
"70",172.5,2.49221183800623,0.311526479750779,0,1.86915887850467,0,1.86915887850467,0.623052959501558,2.49221183800623,2.49221183800623,2.80373831775701,5.29595015576324,11.5264797507788,9.34579439252336,4.98442367601246,0,1.24610591900312,1.55763239875389,38.9408099688474,0.623052959501558,2.18068535825545,1.55763239875389,1.86915887850467,0,0.623052959501558,0,0,1.24610591900312,4.04984423676012,3345,3384,25.1893700858238,30.5870922470717,0,1.79924072041598,1.79924072041598,1.04176037712086,12.5946850429119,14.3939257633279,0,12.5946850429119,0
"71",175,4.83870967741935,0.645161290322581,0,1.93548387096774,0,1.29032258064516,0,2.25806451612903,1.93548387096774,3.87096774193548,3.87096774193548,11.6129032258065,9.03225806451613,0.967741935483871,1.29032258064516,1.29032258064516,0.967741935483871,41.9354838709677,1.93548387096774,0,2.90322580645161,1.93548387096774,1.29032258064516,0,0.645161290322581,0,0,3.54838709677419,3384,3422,32.9919169803398,23.9941214402471,0,1.49963259001545,1.49963259001545,1.02424905898055,13.496693310139,14.9963259001545,0,10.4974281301081,0
"72",177.5,0.625,0,0,3.75,0.3125,0,0.625,2.5,0,0.625,6.25,8.75,15.625,0.3125,0.3125,0.3125,0.3125,47.1875,1.875,0.625,1.25,1.875,1.875,0,0,0,0,5,3422,3460,15.3476236762675,25.5793727937791,0,0,15.3476236762675,0.240446104261523,12.7896863968895,17.9055609556454,0,10.2317491175116,2.55793727937791
